{
  "lattice": 54,
  "J7": -0.5,
  "N": 5832,
  "E3Q_meV": -48968.34746571043,
  "EZZ_meV": -48652.062509846015,
  "Df_per_site_meV": 0.054232674187999944,
  "R_values": [
    2.0,
    3.0,
    4.0,
    5.0,
    6.0,
    7.0,
    8.0,
    9.0,
    10.0,
    12.0,
    14.0,
    16.0,
    18.0,
    20.0,
    24.0
  ],
  "dE_meV": [
    7.820487893739482,
    10.659071120542649,
    12.68744722322299,
    14.007031713292236,
    14.485191415486042,
    14.218307968032605,
    13.22117190611607,
    11.643926798373286,
    8.827647851452639,
    1.473514916258864,
    -8.924434533713793,
    -22.103791069821455,
    -38.497314472915605,
    -58.20363615686074,
    -64.01944734134304
  ],
  "turned_over_in_box": true,
  "Rstar_argmax": 6.0,
  "dGstar_argmax_meV": 14.485191415486042,
  "Rstar_fit": 3.6105133233780284,
  "dGstar_fit_meV": 2.81554510586564,
  "line_tension_a_meV_per_cell": 1.5596370120752754,
  "areal_Df_b_meV_per_cell2": 0.21598549463543665,
  "contains_critical_radius": true
}