{
  "lattice": 54,
  "J7": -0.8,
  "N": 5832,
  "E3Q_meV": -49099.98256543713,
  "EZZ_meV": -48226.107029180326,
  "Df_per_site_meV": 0.1498414842689994,
  "R_values": [
    2.0,
    3.0,
    4.0,
    5.0,
    6.0,
    7.0,
    8.0,
    9.0,
    10.0,
    12.0,
    14.0,
    16.0,
    18.0,
    20.0,
    24.0
  ],
  "dE_meV": [
    8.514258187249652,
    10.122249995569291,
    8.820837230181496,
    5.66035150874086,
    0.6553884143504547,
    -7.655794079975749,
    -16.413156183742103,
    -29.052311175219074,
    -42.63506493515888,
    -77.87197537199972,
    -121.60059696504322,
    -173.1159228305478,
    -232.93240682219766,
    -301.85524879639706,
    -391.37229274406855
  ],
  "turned_over_in_box": true,
  "Rstar_argmax": 3.0,
  "dGstar_argmax_meV": 10.122249995569291,
  "Rstar_fit": 0.5582395048595613,
  "dGstar_fit_meV": 0.2454200499724722,
  "line_tension_a_meV_per_cell": 0.8792643581690391,
  "areal_Df_b_meV_per_cell2": 0.7875332635140534,
  "contains_critical_radius": true
}