{
  "lattice": 54,
  "J7": -0.7,
  "N": 5832,
  "E3Q_meV": -49055.5036153453,
  "EZZ_meV": -48259.313289098645,
  "Df_per_site_meV": 0.13652097500799917,
  "R_values": [
    2.0,
    3.0,
    4.0,
    5.0,
    6.0,
    7.0,
    8.0,
    9.0,
    10.0,
    12.0,
    14.0,
    16.0,
    18.0,
    20.0,
    24.0
  ],
  "dE_meV": [
    7.592830279994814,
    8.920156423475419,
    7.755747234987211,
    4.857718525490782,
    0.22552363246359164,
    -7.191615956253372,
    -15.31001255766023,
    -26.567450459064275,
    -39.04472593253013,
    -70.83557333682256,
    -110.32055159557785,
    -156.92221540561877,
    -211.55902823944052,
    -277.74819186558307,
    -360.5737301632762
  ],
  "turned_over_in_box": true,
  "Rstar_argmax": 3.0,
  "dGstar_argmax_meV": 8.920156423475419,
  "Rstar_fit": 0.8147470029471366,
  "dGstar_fit_meV": 0.4895646650257832,
  "line_tension_a_meV_per_cell": 1.2017587380006545,
  "areal_Df_b_meV_per_cell2": 0.7375042397539376,
  "contains_critical_radius": true
}