{
  "lattice": 36,
  "J7": -0.42,
  "Df_per_site_meV": 0.009286668163001173,
  "Lx_position_units": 52.5,
  "half_slab": 9.0,
  "E_uniform_meV": -21741.734415203857,
  "E_slab_bare_meV": -21678.79393494749,
  "E_slab_relaxed_meV": -21707.224971310654,
  "sigma_bare_meV_per_len": 0.5994331452987224,
  "sigma_relaxed_meV_per_len": 0.32866137041145566,
  "sigma_ratio_relaxed_over_bare": 0.5482869490769818,
  "slab_survived_zzfrac": 0.9523809523809523,
  "slab_ok": true
}