J7,E_3Q_meV,E_ZZ_meV,E_3Q_per_site,E_ZZ_per_site,dE_meV,dE_per_site,r3_3Q,r3_ZZ,zzfrac_3Q,zzfrac_ZZ,ground_state
-0.4,-21750.286157669085,-21755.618893264607,-8.391314104039,-8.393371486599,5.332735595522536,0.0020573825600009783,0.9691319820111233,4.23810026341732e-32,0.0,1.0,ZZ
