idx,energy_per_site,eps_x,eps_y,Fqx,Fqy
0,-8.393371486599e+00,0.000000000000e+00,0.000000000000e+00,0.000000000000e+00,0.000000000000e+00
