half_width,barrier_meV,dE_3Q_minus_strip_meV,n_defect_bonds,saddle_image,iterations,valid
0.5,0.0,-38.562,141,0,2401,0
1.0,9.41774826413166,-28.325,247,8,2771,1
1.5,11.28375742060598,-19.395,353,10,2401,1
2.0,16.29723837714846,-16.658,459,10,2859,1
2.5,16.29600278889484,-12.948,565,10,2401,1
3.0,17.35006351046104,-11.537,671,10,3292,1
