{
  "lattice": 54,
  "seed_half_len": 10.0,
  "N": 5832,
  "strength": 0.5,
  "half_width": 2.0,
  "barrier_meV": 0.3627886695903726,
  "saddle_image": 2,
  "contained": true,
  "saddle_line_frac": 0.42592592592592593,
  "ell_star_cells": 36.95041722813605,
  "n_zz_line": 322,
  "n_line": 756
}