{
  "lattice": 54,
  "J7": -0.45,
  "N": 5832,
  "E3Q_meV": -48947.2001962696,
  "EZZ_meV": -48797.86250984602,
  "Df_per_site_meV": 0.02560659918099852,
  "R_values": [
    2.0,
    3.0,
    4.0,
    5.0,
    6.0,
    7.0,
    8.0,
    9.0,
    10.0,
    12.0,
    14.0,
    16.0,
    18.0,
    20.0,
    24.0
  ],
  "dE_meV": [
    8.63379500580777,
    12.494531434182136,
    15.947814955106878,
    19.112319105341157,
    21.86497783735831,
    24.258852495077008,
    26.390463471652765,
    28.308550184934575,
    29.449965966916352,
    31.205904446949717,
    31.59717724606162,
    30.904122206520697,
    28.680286069808062,
    24.804016663467337,
    55.02205837757356
  ],
  "turned_over_in_box": false,
  "Rstar_argmax": 24.0,
  "dGstar_argmax_meV": 55.02205837757356,
  "Rstar_fit": 85.33664928152568,
  "dGstar_fit_meV": 66.91085919126523,
  "line_tension_a_meV_per_cell": 1.568162325439478,
  "areal_Df_b_meV_per_cell2": 0.009188094087606541,
  "contains_critical_radius": false
}