{
  "lattice": 54,
  "J7": -1.0,
  "N": 5832,
  "E3Q_meV": -49190.08406343394,
  "EZZ_meV": -48325.280570855575,
  "Df_per_site_meV": 0.14828592122399947,
  "R_values": [
    2.0,
    3.0,
    4.0,
    5.0,
    6.0,
    7.0,
    8.0,
    9.0,
    10.0,
    12.0,
    14.0,
    16.0,
    18.0,
    20.0,
    24.0
  ],
  "dE_meV": [
    11.179647746066621,
    14.392230268611456,
    14.293557085977227,
    12.555091114641982,
    9.133780005729932,
    1.886134275868244,
    -4.94907983228768,
    -16.650869349381537,
    -28.343812387312937,
    -60.89635271807492,
    -101.7969191156808,
    -150.15912448088784,
    -206.47177245827334,
    -271.85517472888023,
    -348.4843129403889
  ],
  "turned_over_in_box": true,
  "Rstar_argmax": 3.0,
  "dGstar_argmax_meV": 14.392230268611456,
  "Rstar_fit": 1.120634599141557,
  "dGstar_fit_meV": 0.9458374555711712,
  "line_tension_a_meV_per_cell": 1.688039002714558,
  "areal_Df_b_meV_per_cell2": 0.7531620940526249,
  "contains_critical_radius": true
}