{
  "lattice": 54,
  "J7": -0.6,
  "N": 5832,
  "E3Q_meV": -49011.545476961066,
  "EZZ_meV": -48393.397537365316,
  "Df_per_site_meV": 0.10599244506099972,
  "R_values": [
    2.0,
    3.0,
    4.0,
    5.0,
    6.0,
    7.0,
    8.0,
    9.0,
    10.0,
    12.0,
    14.0,
    16.0,
    18.0,
    20.0,
    24.0
  ],
  "dE_meV": [
    7.121986856793228,
    8.714487245983037,
    8.474536341935163,
    6.865506390968221,
    3.8299692749787937,
    -1.176775087165879,
    -6.986386680691794,
    -14.893037977104541,
    -24.1191088987689,
    -47.40661844251008,
    -76.68003013890848,
    -111.49519580992637,
    -152.38113576148316,
    -200.02084946956165,
    -253.91144991354668
  ],
  "turned_over_in_box": true,
  "Rstar_argmax": 3.0,
  "dGstar_argmax_meV": 8.714487245983037,
  "Rstar_fit": 0.7519885106995519,
  "dGstar_fit_meV": 0.2994290203662867,
  "line_tension_a_meV_per_cell": 0.7963659447076847,
  "areal_Df_b_meV_per_cell2": 0.5295067234251025,
  "contains_critical_radius": true
}