{
  "lattice": 36,
  "seed_half_len": 14.0,
  "N": 2592,
  "strength": 0.5,
  "half_width": 2.0,
  "barrier_meV": 18.071174128610437,
  "saddle_image": 10,
  "contained": true,
  "saddle_line_frac": 0.42857142857142855,
  "ell_star_cells": 30.888239401644977,
  "n_zz_line": 216,
  "n_line": 504
}